step,time
t_load,54.75998782692477
t_pipe_t,211.02304269885644
t_pp,25.579473338089883
t_write,19.01398178189993
