step,time
t_load,61.78111702622846
t_pipe_ft,248.41578963119537
t_grid,9966.419147736859
t_acc_train_50,11.524117957800627
t_acc_train_75,17.79042909387499
t_acc_train,24.645544284954667
t_roc_train_50,11.296765991020948
t_roc_train_75,17.852002655621618
t_roc_train,24.679497907869518
t_acc_test_50,11.320666419807822
t_acc_test_75,5.897363432217389
t_acc_test,5.985527958255261
t_roc_test_50,11.312670670915395
t_roc_test_75,5.677519482560456
t_roc_test,5.971350369974971
t_refit_50,1727.3864319953136
t_refit_75,2486.1014668461867
t_refit,3165.211133480072
t_refit_final,3734.1498048370704
