step,time
t_load,50.02954033901915
t_pipe_t,200.94882151624188
t_pp,282.68160262005404
t_write,18.599855293054134
