step,time
t_load,58.11129437992349
t_pipe_ft,241.60125500708818
t_grid,45761.81229641661
t_acc_train_50,17.51037488784641
t_acc_train_75,25.997651616111398
t_acc_train,34.61743252631277
t_roc_train_50,17.71073711104691
t_roc_train_75,25.970556996762753
t_roc_train,34.61341089103371
t_acc_test_50,17.523125597275794
t_acc_test_75,8.861689110286534
t_acc_test,9.0784951178357
t_roc_test_50,17.692246846854687
t_roc_test_75,8.70065198559314
t_roc_test,8.812095659784973
t_refit_50,17.949006013572216
t_refit_75,26.344847219996154
t_refit,15778.806781291962
t_refit_final,45.95701538026333
