step,time
t_load,54.92076024506241
t_pipe_t,1100.2443040013313
t_pp,1.8701646029949188
t_write,18.429911075159907
