step,time
t_load,60.240048337727785
t_pipe_ft,1239.838205323089
t_grid,115926.0397475618
t_acc_train_50,18.64366668416187
t_acc_train_75,27.773140157107264
t_acc_train,37.23965290701017
t_roc_train_50,18.59978077793494
t_roc_train_75,27.5300355469808
t_roc_train,37.03923784289509
t_acc_test_50,18.759859063196927
t_acc_test_75,9.325156620703638
t_acc_test,9.40221962891519
t_roc_test_50,18.602048066910356
t_roc_test_75,9.241383992601186
t_roc_test,9.315947852563113
t_refit_50,19.27972116228193
t_refit_75,27.93828610703349
t_refit,15124.88409280777
t_refit_final,49.18761803722009
