step,time
t_load,50.16184914391488
t_pipe_t,199.8507902054116
t_pp,37.56384533364326
t_write,18.892299852333963
