step,time
t_load,53.640126306097955
t_pipe_t,1176.858280134853
t_pp,42.024485900998116
t_write,20.55349543876946
