step,time
t_load,62.18203371204436
t_pipe_ft,253.1852710917592
t_grid,2021.9785144552588
t_acc_train_50,0.853796926792711
t_acc_train_75,1.2673867219127715
t_acc_train,1.6880351630970836
t_roc_train_50,0.8751012762077153
t_roc_train_75,1.3801097059622407
t_roc_train,1.8112374409101903
t_acc_test_50,0.8657933846116066
t_acc_test_75,0.4253804632462561
t_acc_test,0.6378987482748926
t_roc_test_50,0.8938106703571975
t_roc_test_75,0.3991860840469599
t_roc_test,0.4194562630727887
t_refit_50,51.642193691805005
t_refit_75,83.3091671639122
t_refit,197.79438996315002
t_refit_final,243.203932415694
