step,time
t_load,64.77891578990966
t_pipe_ft,1230.1958773513325
t_grid,377.6199201811105
t_acc_train_50,0.6567768068052828
t_acc_train_75,1.209968687966466
t_acc_train,1.5791957112960517
t_roc_train_50,0.7015331340953708
t_roc_train_75,1.3053015498444438
t_roc_train,1.6722309039905667
t_acc_test_50,0.67168482625857
t_acc_test_75,0.4600958311930299
t_acc_test,0.3198566851206124
t_roc_test_50,0.7055950481444597
t_roc_test_75,0.34982369327917695
t_roc_test,0.34952443605288863
t_refit_50,53.91755642229691
t_refit_75,77.64685094589368
t_refit,108.56380105018616
t_refit_final,227.63703125808388
