step,time
t_load,52.334486834239215
t_pipe_t,1148.5770564130507
t_pp,23.780449917074293
t_write,19.75931075727567
