step,time
t_load,53.598405740223825
t_pipe_t,1173.0463959728368
t_pp,274.9755730899051
t_write,19.821978175081313
