step,time
t_load,60.61728975363076
t_pipe_ft,1259.7115655383095
t_grid,41260.44853638997
t_acc_train_50,98.99031983595341
t_acc_train_75,180.86674642842263
t_acc_train,245.54063393408433
t_roc_train_50,99.19875039719045
t_roc_train_75,181.61013330565766
t_roc_train,245.32850218424574
t_acc_test_50,98.97484439285472
t_acc_test_75,49.77806376526132
t_acc_test,50.57502022571862
t_roc_test_50,99.17419954016805
t_roc_test_75,49.871662116609514
t_roc_test,50.5806625476107
t_refit_50,6523.409846359398
t_refit_75,7906.120282042772
t_refit,11904.506194353104
t_refit_final,12314.259632654954
