step,time
t_load,64.31842644372955
t_pipe_ft,1353.6008362639695
t_grid,15013.657734717242
t_acc_train_50,9.91940796887502
t_acc_train_75,15.989441459067166
t_acc_train,22.83040173817426
t_roc_train_50,10.238400406204164
t_roc_train_75,15.379397846758366
t_roc_train,22.285466202069074
t_acc_test_50,10.361190625000745
t_acc_test_75,5.670791942160577
t_acc_test,4.955511150881648
t_roc_test_50,10.337537387851626
t_roc_test_75,5.435454972088337
t_roc_test,4.851653564255685
t_refit_50,1676.0451753768139
t_refit_75,2283.3865801119246
t_refit,2723.507874250412
t_refit_final,3322.4170742826536
