step,time
t_load,54.04142394987866
t_pipe_t,200.61694530118257
t_pp,2.030401104129851
t_write,19.1996238976717
