step,time
t_load,59.31682871282101
t_pipe_ft,249.88000059034675
t_grid,46014.84573427914
t_acc_train_50,128.4834035402164
t_acc_train_75,190.59135540714487
t_acc_train,250.39262049691752
t_roc_train_50,127.98473682394251
t_roc_train_75,190.41726660402492
t_roc_train,254.63956191623583
t_acc_test_50,128.06086139101535
t_acc_test_75,52.787151116877794
t_acc_test,53.61752395378426
t_roc_test_50,127.57685639010742
t_roc_test_75,52.51580855296925
t_roc_test,54.322334768716246
t_refit_50,5462.0171028748155
t_refit_75,8914.831656268798
t_refit,15331.450209140778
t_refit_final,13191.646632371936
